Source,Target
PoloChau,mjpetrey
PoloChau,westy37
PoloChau,heycori
PoloChau,profnaren
PoloChau,ShrutiS1404
PoloChau,jusoneoftoomany
PoloChau,AstroAhura
PoloChau,irishowley
PoloChau,GTUbicomp
PoloChau,sana_ajani
PoloChau,ICatGT
PoloChau,MatthewGombolay
PoloChau,Sidd691
PoloChau,vrama91
PoloChau,alexandre_palo
PoloChau,AlexRTerry
PoloChau,GromitC
PoloChau,scc_gt
PoloChau,amyogan
PoloChau,SIAMDataMining
mjpetrey,jtrnyc
mjpetrey,ClintSmithIII
mjpetrey,FiveThirtyEight
mjpetrey,dabeaz
mjpetrey,untappdpipeline
mjpetrey,jschwabish
mjpetrey,ma_salmon
mjpetrey,d4tagirl
mjpetrey,data_nerd
mjpetrey,sarah_guido
mjpetrey,vboykis
mjpetrey,OpenIntroOrg
mjpetrey,jepusto
mjpetrey,davidmeza1
mjpetrey,HumansAnalytics
mjpetrey,p7r
mjpetrey,KLdivergence
mjpetrey,southerndsc
mjpetrey,vkrakovna
mjpetrey,DynamicWebPaige
westy37,PoloChau
westy37,themostdank
westy37,Pwrliftingwatch
westy37,cj_wentz
westy37,robertherjavec
westy37,BG_WAIWEIGHT
westy37,HistoryInPics
westy37,allisonbanko
westy37,FacesPics
westy37,GTPaulJohnson
westy37,FitMenCook
westy37,Rep_Ink
westy37,lance_austin14
westy37,aimeedc
westy37,Faux_Gruden
westy37,pakalupapito
westy37,danieltosh
westy37,DomMazzetti
westy37,BroScienceLife
westy37,BradleyMartyn
heycori,BrightenGodfrey
heycori,bustamantefe
heycori,vyas_sekar
heycori,ravenben
heycori,bowlinearl
heycori,proffnes
heycori,EmojiMeadow
heycori,densaer
heycori,petridishes
heycori,ScottTrabandt
heycori,coachwpxi
heycori,PGHtransit
heycori,JenniferTomazic
heycori,ACE_Fitzgerald
heycori,Allegheny_Co
heycori,511PAPittsburgh
heycori,MikeIsaac
heycori,tavitulle
heycori,Chopper11Pilot
heycori,brandonjeckert
profnaren,bariweiss
profnaren,FluTrackers
profnaren,KatzOnEarth
profnaren,Prof_DavidBader
profnaren,sehurlburt
profnaren,PopTechWorks
profnaren,crooksandliars
profnaren,arishapiro
profnaren,kellymcevers
profnaren,EdFelten
profnaren,GeorgeLakoff
profnaren,mjcontrera
profnaren,trengriffin
profnaren,aaronclauset
profnaren,SikhProf
profnaren,Sistajaye
profnaren,ghoshvt
profnaren,BMayer22
profnaren,rsoper72
profnaren,ysrknshl
ShrutiS1404,PoloChau
ShrutiS1404,naveen2894
ShrutiS1404,jackkybhagnani
ShrutiS1404,edsheeran
ShrutiS1404,selenagomez
ShrutiS1404,taylorswift13
ShrutiS1404,TheEllenShow
ShrutiS1404,abishmathew
ShrutiS1404,kalyanrath
ShrutiS1404,mokshabindra
ShrutiS1404,ankitban
ShrutiS1404,narendramodi
ShrutiS1404,FoodFood
ShrutiS1404,rockyandmayur
ShrutiS1404,KananGill
ShrutiS1404,AllIndiaBakchod
ShrutiS1404,chintskap
ShrutiS1404,sonakshisinha
ShrutiS1404,RanveerOfficial
ShrutiS1404,FarOutAkhtar
jusoneoftoomany,cute_petss
jusoneoftoomany,achtsamkeit_
jusoneoftoomany,SmartCity_World
jusoneoftoomany,KampheyApproved
jusoneoftoomany,OezlemRAcar
jusoneoftoomany,Author_Skaul
jusoneoftoomany,siri_vpa
jusoneoftoomany,rahat_orbit
jusoneoftoomany,Schnorri
jusoneoftoomany,HealthyTail
jusoneoftoomany,Cosmologychris
jusoneoftoomany,EmpIntelligence
jusoneoftoomany,MarkusMatFrey
jusoneoftoomany,DanieleVigo
jusoneoftoomany,CIO_Index
jusoneoftoomany,lisachwinter
jusoneoftoomany,ryanfoland
jusoneoftoomany,Tastenspieler
jusoneoftoomany,Jason_Neubauer
jusoneoftoomany,antoniopescape
AstroAhura,deltacarina
AstroAhura,chaaosbook
AstroAhura,FrancieCashman
AstroAhura,dfrctionspikes
AstroAhura,j_tharindu
AstroAhura,si2urssi
AstroAhura,KarelleSiellez
AstroAhura,CosmoCa3sar
AstroAhura,whereisyvette
AstroAhura,10outof10ley
AstroAhura,scgQuasar
AstroAhura,beanykelly
AstroAhura,sciencejedi
AstroAhura,PoloChau
AstroAhura,Judy_Racusin
AstroAhura,rareflwr41
AstroAhura,astrobassball
AstroAhura,mayorgalc
AstroAhura,bjork
AstroAhura,MourigalLab
irishowley,CRAWomen
irishowley,turadg
irishowley,GregDyke
irishowley,choux
irishowley,rbrbrbr
irishowley,tom7
irishowley,brentheeringa
irishowley,adafruit
irishowley,PoloChau
irishowley,bigdata4people
irishowley,ianli
irishowley,dalbersszafir
irishowley,andyjko
irishowley,brttaylor
irishowley,krismicinski
irishowley,NyashaJunior
irishowley,OliFer
irishowley,SIGCSE_TS
irishowley,CSTeachingTips
irishowley,DesignAtLarge
sana_ajani,Rrrrnessa
sana_ajani,MiguelGamino
sana_ajani,mattjweinberg
sana_ajani,zephoria
sana_ajani,BKCHarvard
sana_ajani,andresmh
sana_ajani,chrissyteigen
sana_ajani,soylentqueen
sana_ajani,ashsmash
sana_ajani,dwr
sana_ajani,daraoke
sana_ajani,NYT_first_said
sana_ajani,sacca
sana_ajani,BenedictEvans
sana_ajani,firstdraftnews
sana_ajani,ShorensteinCtr
sana_ajani,TeddyHimler
sana_ajani,MicrosoftSV
sana_ajani,byalicelee
sana_ajani,sarah_edo
ICatGT,gtHCI
ICatGT,deshrajdry
ICatGT,mmadaio
ICatGT,ale_patron
ICatGT,katieirenec
ICatGT,greyesgt
ICatGT,GaTechOTT
ICatGT,ElixirAtlanta
ICatGT,vrama91
ICatGT,gpbnews
ICatGT,isbellHFh
ICatGT,joesbigidea
ICatGT,OSTtalk
ICatGT,CelesteHeadlee
ICatGT,AndrewYNg
ICatGT,olivercameron
ICatGT,andrewmiller
ICatGT,arpieb
ICatGT,nehakumar
ICatGT,lindsay_mck
MatthewGombolay,angusforbes
MatthewGombolay,richardkelley
MatthewGombolay,SingularMattrix
MatthewGombolay,SpaceflightNow
MatthewGombolay,wilthomason
MatthewGombolay,likeavass
MatthewGombolay,aarshavi21
MatthewGombolay,catPPinto
MatthewGombolay,goodfellow_ian
MatthewGombolay,EMSpeck
MatthewGombolay,mikestrattonNET
MatthewGombolay,bjcolangelo
MatthewGombolay,GeorgiaTech
MatthewGombolay,deviparikh
MatthewGombolay,DhruvBatraDB
MatthewGombolay,GTRI
MatthewGombolay,Prof_DavidBader
MatthewGombolay,asbruckman
MatthewGombolay,fortnow
MatthewGombolay,DataRandAlgs
Sidd691,geoffreyirving
Sidd691,h2oai
Sidd691,goodfellow_ian
Sidd691,USCGHyderabad
Sidd691,jimeng
Sidd691,WhatsApp
Sidd691,GTComputingER
Sidd691,GTLibrary
Sidd691,NipsConference
Sidd691,LisaSansouci
Sidd691,DalrympleWill
Sidd691,hemalshah_7
Sidd691,MaryKayCarlson
Sidd691,MohanCRaja
Sidd691,JeffDean
Sidd691,vmistweet
Sidd691,ICatGT
Sidd691,pythonbot_
Sidd691,LtGovDelhi
Sidd691,USAIDMarkGreen
vrama91,balajiln
vrama91,pfau
vrama91,omerlevy_
vrama91,SussilloDavid
vrama91,scyrusk
vrama91,panderson_me
vrama91,fhuszar
vrama91,DBahdanau
vrama91,random_walker
vrama91,lucastheis
vrama91,tommmitchell
vrama91,jacobandreas
vrama91,mrtz
vrama91,vkrakovna
vrama91,twimlai
vrama91,CommissionrGHMC
vrama91,arxiv_org
vrama91,hhm
vrama91,sivareddyg
vrama91,twentybn
alexandre_palo,thatmuellerkid
alexandre_palo,ken_wheeler
alexandre_palo,nodejs
alexandre_palo,intelligibabble
alexandre_palo,sebastienlorber
alexandre_palo,PoloChau
alexandre_palo,v8js
alexandre_palo,GerardAraud
alexandre_palo,FranceAtlanta
alexandre_palo,Google
alexandre_palo,googledevs
alexandre_palo,sfmnemonic
alexandre_palo,cowcotland
alexandre_palo,esa
alexandre_palo,NASA
alexandre_palo,AirbusDefence
alexandre_palo,Arianespace
alexandre_palo,elonmusk
alexandre_palo,_Guillaume_B_
alexandre_palo,GaTechOTT
AlexRTerry,PoloChau
AlexRTerry,Azure
AlexRTerry,timbersarmy
AlexRTerry,TimbersFC
AlexRTerry,MountRainierNPS
AlexRTerry,WTA_hikers
AlexRTerry,WAStatePks
AlexRTerry,americanalpine
AlexRTerry,MountaineersOrg
AlexRTerry,SuburbanMtnr
AlexRTerry,larryellison
AlexRTerry,JeffBezos
AlexRTerry,lyft
AlexRTerry,Uber
AlexRTerry,Airbnb
AlexRTerry,jgebbia
AlexRTerry,jeffweiner
AlexRTerry,drewhouston
AlexRTerry,bchesky
AlexRTerry,satyanadella
GromitC,infobeautyaward
GromitC,zcliu
GromitC,JianJZhao
GromitC,mia_mifeng
GromitC,hmason
GromitC,PoloChau
GromitC,SoVeryBritish
GromitC,bilalalsallakh
GromitC,harishd10
GromitC,jfreirenet
GromitC,lilianchoywl
GromitC,oatsandsugar
GromitC,NYPDnews
GromitC,brkdncr94
GromitC,BBGVisualData
GromitC,WTFViz
GromitC,HKUSTAlumni
GromitC,googleresearch
GromitC,patilise_white
GromitC,jhaushofer
scc_gt,Prof_DavidBader
scc_gt,gtcomputing
scc_gt,PoloChau
scc_gt,PoloDataClub
scc_gt,petroseskinder
scc_gt,andyfang_dz
amyogan,AlessiaZucchett
amyogan,MaXimenaFdez
amyogan,MarshaLovett
amyogan,literacyonline
amyogan,wslasecki
amyogan,msbernst
amyogan,chinmay
amyogan,stvritter
amyogan,jonfroehlich
amyogan,turadg
amyogan,hummus_monster
amyogan,merylalper
amyogan,VicariousLee
amyogan,ahnjune
amyogan,pikachu_hudson
amyogan,alywise
amyogan,jasoncyip
amyogan,HungryMindLab
amyogan,celestekidd
amyogan,TJRyan_77
SIAMDataMining,XavierRenard
SIAMDataMining,klerissonpaixao
SIAMDataMining,AngelJSalazar
SIAMDataMining,Quebec_AI
SIAMDataMining,alexip
SIAMDataMining,TheOfficialACM
SIAMDataMining,acmeducation
SIAMDataMining,dirkvandenpoel
SIAMDataMining,Daniel_RSilva
SIAMDataMining,ParisMLgroup
SIAMDataMining,DrSidJReddy
SIAMDataMining,IrisMiliaraki
SIAMDataMining,AnnaFeit
SIAMDataMining,amantrac
SIAMDataMining,ApplDataMining
SIAMDataMining,Sane_GES
SIAMDataMining,gwillem
SIAMDataMining,PalaisGluck
SIAMDataMining,G_Dominique
SIAMDataMining,barenboos
NDomarad,mjpetrey
generativist,mjpetrey
JesusAnthonyJa5,mjpetrey
Ruben_Wolff,mjpetrey
findusedmobiles,mjpetrey
davidmeza1,mjpetrey
sconvers,mjpetrey
qmdlogistics,mjpetrey
jithu_r_jacob,mjpetrey
whosaust,mjpetrey
abhinavr8,mjpetrey
SamiSaydjari,mjpetrey
Walid44848345,mjpetrey
rp997685,mjpetrey
patelsumit0101,mjpetrey
Roddardbiau1,mjpetrey
Ravina12aishvip,mjpetrey
komalrawat1313,mjpetrey
ImBDaimary,mjpetrey
stevenvgallo,westy37
mary_shumaker,westy37
Rep_Ink,westy37
meldanielle92,westy37
donnamschmidt58,westy37
toopixshaker,westy37
obyeziashi,westy37
jasharris,westy37
Andir766,westy37
allisonbanko,westy37
gtLYMcrew,westy37
hdbest1,westy37
aimeedc,westy37
HndArmrChalkUSA,westy37
Trandrew25,westy37
IESCareers,westy37
susanrwest,westy37
ChaddsFordPenn,westy37
GTStudents,westy37
tgreene143,heycori
SpecialOpsUni,heycori
tmmteo,heycori
densaer,heycori
wolfSSL,heycori
Sk1llBRO,heycori
Mikecashmoney_,heycori
owlman11137,heycori
mbaike_chima,heycori
cybertri_x,heycori
dan_jayasinghe,heycori
alulu11150121,heycori
teoespero,heycori
JaggerRain,heycori
LennonRiver,heycori
cccalum,heycori
innabekss,heycori
BradAMurphy,heycori
MikeM_Cyber,heycori
0xBennyV,heycori
ExportExpertMag,profnaren
BigDataGal,profnaren
kidkapital,profnaren
danielwalsh,profnaren
Prof_DavidBader,profnaren
karthikpadthe,profnaren
thesukrit,profnaren
lisachwinter,profnaren
jabawack,profnaren
StockAlertsC,profnaren
oliverlemon,profnaren
MarcGuberti,profnaren
DMfun,profnaren
salescloud,profnaren
VT_DAC,profnaren
pvtodorov,profnaren
benjamingyori,profnaren
NElmqvist,profnaren
nextcontext,profnaren
AbhayjeetSingh8,ShrutiS1404
greenersoul,ShrutiS1404
naveen2894,ShrutiS1404
chris10_0,ShrutiS1404
nayagaonkar71,ShrutiS1404
rao_shwetha,ShrutiS1404
reshmann8,ShrutiS1404
mokshabindra,ShrutiS1404
deepakrajtomar,ShrutiS1404
GovindDurag,ShrutiS1404
PemphigusVulgar,jusoneoftoomany
Raju1m,jusoneoftoomany
ItsyKidsUK,jusoneoftoomany
hyperloopglobal,jusoneoftoomany
rtswindrecruit,jusoneoftoomany
SmirnoffLevi,jusoneoftoomany
gxxxorwell1984,jusoneoftoomany
sbetancourt274,jusoneoftoomany
ManuelArenaz,jusoneoftoomany
lukbynumbers,jusoneoftoomany
SmartCity_World,jusoneoftoomany
achtsamkeit_,jusoneoftoomany
KampheyApproved,jusoneoftoomany
OezlemRAcar,jusoneoftoomany
CashMattersOrg,jusoneoftoomany
nicoandreschmi1,jusoneoftoomany
HANDS_DIGITAL,jusoneoftoomany
Amanda124847007,jusoneoftoomany
Nortal_AS,jusoneoftoomany
Ritzytechnology,jusoneoftoomany
Swnk16,AstroAhura
MichaelGalanin,AstroAhura
kjb_astro,AstroAhura
erikakcarlson,AstroAhura
npr247,AstroAhura
basedreptile,AstroAhura
FrancieCashman,AstroAhura
SridharGajan,AstroAhura
chaaosbook,AstroAhura
dfrctionspikes,AstroAhura
sandrajames50,AstroAhura
LivingTransit,AstroAhura
takeplate,AstroAhura
GossipLK96,AstroAhura
astrobassball,AstroAhura
RisaWechsler,AstroAhura
DynamicStruct,AstroAhura
BenBoo2000,AstroAhura
10outof10ley,AstroAhura
c_mcc92,AstroAhura
sciencemeandyou,irishowley
LisaAnomalous,irishowley
anselmbradford,irishowley
SIG25_EdTheory,irishowley
rbrbrbr,irishowley
sanyal87,irishowley
tom7,irishowley
brttaylor,irishowley
SurajSurajjipcy,irishowley
WaveShineSec,irishowley
brentheeringa,irishowley
ianli,irishowley
raj_k_darbar,irishowley
kn2423,irishowley
krismicinski,irishowley
sedatesnail,irishowley
YifangLi_,irishowley
whynotyet,irishowley
diyiy_cmu,irishowley
HCI_Research,GTUbicomp
greyesgt,GTUbicomp
shea_du,GTUbicomp
QiuyueXue,GTUbicomp
pranav_kundra,GTUbicomp
HyeokhyenKwon,GTUbicomp
ubihuman,GTUbicomp
zhangchengios,GTUbicomp
Anandghan_W,GTUbicomp
sstn_akg,GTUbicomp
THBy9zAD1o6lYec,sana_ajani
CAIStartups,sana_ajani
BristolPalmer,sana_ajani
ItsDLS,sana_ajani
MicrosoftSV,sana_ajani
proj100women,sana_ajani
ManaliD34,sana_ajani
snack_ice,sana_ajani
TriNet,sana_ajani
anjpatel18,sana_ajani
Matthew_Owens18,sana_ajani
ruthieyakubu,sana_ajani
crunchbasenews,sana_ajani
DrDavideSmith1,sana_ajani
indysofian,sana_ajani
deitafari,sana_ajani
samankhorasi,sana_ajani
AzharMasani,sana_ajani
ypandya16,sana_ajani
poet_tech,sana_ajani
szc1523,ICatGT
compsci_twitr,ICatGT
AlexGuoHan,ICatGT
iamvijaysai,ICatGT
ujjax_iitr,ICatGT
_btanmay,ICatGT
backpropper,ICatGT
Gang1man,ICatGT
pranoot_hatwar,ICatGT
snchancellor,ICatGT
lancewallace,ICatGT
SachinPendse,ICatGT
edchi,ICatGT
plopesresearch,ICatGT
mmadaio,ICatGT
takuma7,ICatGT
GaTechOTT,ICatGT
Noura_7N,ICatGT
lmeanswell,ICatGT
eredmil1,ICatGT
bll_krtl,MatthewGombolay
alexalcocerp,MatthewGombolay
MahdiRahmani313,MatthewGombolay
GigiLizaH,MatthewGombolay
crossslide,MatthewGombolay
lisabriercliffe,MatthewGombolay
RoboticsAutomat,MatthewGombolay
CanViewpoint,MatthewGombolay
LoveStats,MatthewGombolay
Sarus,MatthewGombolay
catPPinto,MatthewGombolay
aarshavi21,MatthewGombolay
ozbizchick,MatthewGombolay
axmed2002,MatthewGombolay
mark_nwi,MatthewGombolay
melbo07,MatthewGombolay
likeavass,MatthewGombolay
wilthomason,MatthewGombolay
hankejh,MatthewGombolay
Ned_Neverbeen,MatthewGombolay
guptkhushbu,Sidd691
carrotlive_,Sidd691
BethDoane,Sidd691
PronounceLondon,Sidd691
BigDataGal,Sidd691
gps_2017,Sidd691
hire_ai,Sidd691
CiscoDevNet,Sidd691
machinelearnbot,Sidd691
USASocialMedia1,Sidd691
gowherewolf,Sidd691
bluevincent,Sidd691
GTCSE,Sidd691
prakashadvani,Sidd691
SPYadav86550850,Sidd691
chi2innovations,Sidd691
Prof_DavidBader,Sidd691
silviakspiva,Sidd691
arduino_fans,Sidd691
TutanotaTeam,vrama91
YvesMulkers,vrama91
panderson_me,vrama91
Taha114041,vrama91
pvskand,vrama91
piyushbansal93,vrama91
heghbalz,vrama91
hhm,vrama91
machinelearnbot,vrama91
pranoykrishnan,vrama91
Jay_Bhatt_007,vrama91
faizaancharania,vrama91
ashimch66682171,vrama91
mahesh_goud,vrama91
Safar18624249,vrama91
saviovictor1994,vrama91
mayankjuneja,vrama91
Chandan_1912,vrama91
MohanKumar10011,vrama91
duettoapp,alexandre_palo
thatmuellerkid,alexandre_palo
Christo29152683,alexandre_palo
TreyHuffine,alexandre_palo
_Guillaume_B_,alexandre_palo
AskAaronLee,alexandre_palo
graphqleu,alexandre_palo
Lezarman_,alexandre_palo
AM_Alumni,alexandre_palo
TychoTa,alexandre_palo
blaked_84,alexandre_palo
benjaminspak,alexandre_palo
Codeanywhere,alexandre_palo
FrancoisSutter,alexandre_palo
thenetninjauk,alexandre_palo
Devendrap360,alexandre_palo
kulaginvolmir1,alexandre_palo
TheFreeCSGOSkin,alexandre_palo
swiipecs,alexandre_palo
SandraW25225444,AlexRTerry
dream8350,AlexRTerry
cyclingman168,AlexRTerry
AllRoadRetail,AlexRTerry
OutdoorWildness,AlexRTerry
AZOutdoorSupply,AlexRTerry
_1RaiNbow1,AlexRTerry
andrewjmullins,AlexRTerry
inthememebrane,AlexRTerry
Fivestars_GX,AlexRTerry
hotdatajobs,AlexRTerry
tasheenka,AlexRTerry
littlemissTess8,AlexRTerry
EzraPenland,AlexRTerry
LoIFunnyHaha,AlexRTerry
yubowenok,GromitC
Data_Science_Ry,GromitC
fatfingererr,GromitC
mia_mifeng,GromitC
jfreirenet,GromitC
hongkonglifetv,GromitC
SiruiXie,GromitC
oatsandsugar,GromitC
lilianchoywl,GromitC
AidenTianyuWang,GromitC
brkdncr94,GromitC
plotlygraphs,GromitC
VkoSci,GromitC
NeuvooCommNY,GromitC
hildaworkshop,GromitC
anvitahodekar,GromitC
TheMatrixMedia,GromitC
samlightstone,GromitC
RachelParkeromo,GromitC
powellizer,scc_gt
Prof_DavidBader,scc_gt
andyfang_dz,scc_gt
novumkenya,amyogan
DavidKirop,amyogan
monsieurHud,amyogan
cmu_africa,amyogan
Udadisi,amyogan
tinyblueness,amyogan
shrutimohnot,amyogan
Gabrielmarey,amyogan
bigdata4people,amyogan
BrandonBrungard,amyogan
sejal_khatri,amyogan
dklionsk,amyogan
jsh_c,amyogan
LouisMMCoiffait,amyogan
mingming_fan,amyogan
IAIEDsociety,amyogan
zxzl,amyogan
SambitIllumina,amyogan
jasoncornwell,amyogan
JudethO,amyogan
compsci_twitr,SIAMDataMining
RfastMichail,SIAMDataMining
npelekis,SIAMDataMining
chak_jay,SIAMDataMining
yanjiefoo,SIAMDataMining
MachineLearn4U,SIAMDataMining
bguedj,SIAMDataMining
ashliea,SIAMDataMining
swanderingf,SIAMDataMining
prakash1p,SIAMDataMining
MouseWizardLeo,SIAMDataMining
chengtel,SIAMDataMining
emir_munoz,SIAMDataMining
f_spezzano,SIAMDataMining
SRoyLee,SIAMDataMining
wangmengsd,SIAMDataMining
JasonDou1,SIAMDataMining
rzf,SIAMDataMining
NeivAllen,SIAMDataMining
JennaMace1,SIAMDataMining